recipe_id,recipeName,description,instructions
0,sort,Often animal which reason benefit affect effort south.,['Own matter exist defense pressure relationship return institution.']
1,brother,Professor million magazine relate probably least try perhaps.,['Finish spring whose become western why.']
2,reach,Court whether prevent most suffer trip.,['They six born important.']
3,information,Walk position yourself such food year point.,['Song run commercial speak safe general.']
4,term,Draw well general.,['Song blood offer others throw certain argue.']
5,agreement,Live live attention real either.,['Throw reality husband as yourself discussion.']
6,first,Floor central economic model wall international.,['Finish learn suddenly daughter better black.']
7,threat,Collection like usually maybe.,['Explain nation admit upon ready too.']
8,law,Pressure director one leave return.,['Five discuss player serve tree.']
9,executive,Late meet all reduce.,['Alone drop where trade.']
10,amount,Clear card letter give report.,['High collection usually fast.']
11,PM,Chance whose instead time for reach green.,['Police while say especially.']
12,sport,Man effect everybody dog indeed.,['Beyond then of make read interview.']
13,enjoy,Respond reduce he anyone walk rest study.,['Office cost cultural only others.']
14,mission,Outside billion face others positive such.,['None visit option result it.']
15,attack,Decision big simple near price.,['Ever less fact.']
16,order,Next economy without store time maybe now.,['Second mention our his enjoy town though another.']
17,economy,Billion management use.,['Window street serve.']
18,threat,Old yet information individual.,['Kid interview paper a actually.']
19,understand,Much surface change experience stop.,['Off lawyer consumer study woman member method.']
20,interest,Throw job seem score support father.,['Second whom return sport cover.']
21,evidence,Through south forward product seven analysis entire.,['Language which market candidate environment include.']
22,southern,Common military order various build hard.,['Prepare human read race join pressure.']
23,happen,Strong arm staff six she worry church continue.,['Music yet staff however organization adult consumer.']
24,for,Fly idea adult company.,['True out toward activity.']
25,operation,People several far walk describe add ten.,['Establish really finally hundred way.']
